<?xml version="1.0" encoding="UTF-8"?>
<project-private xmlns="http://www.netbeans.org/ns/project-private/1">
    <editor-bookmarks xmlns="http://www.netbeans.org/ns/editor-bookmarks/2" lastBookmarkId="0"/>
    <open-files xmlns="http://www.netbeans.org/ns/projectui-open-files/2">
        <group>
            <file>file:/P:/CompSci2/Projects/MidiLab3/src/newmiditest/MidiTest3.java</file>
            <file>file:/P:/CompSci2/Projects/MidiLab3/PoemForEveryone'sSoul.dat</file>
        </group>
    </open-files>
</project-private>
